<?xml version="1.0" encoding="UTF-8" standalone="yes"?>
<addon id="repository.mstfytv" name="mstfytv" version="0.0.1" provider-name="badmanbx">
	<extension point="xbmc.addon.repository" name="mstfytv">
		<dir>
			<info compressed="false">https://raw.githubusercontent.com/totalrevolution/python-koding/master/zips/addons.xml</info>
			<checksum>https://raw.githubusercontent.com/totalrevolution/python-koding/master/zips/addons.xml.md5</checksum>
			<datadir zip="true">https://raw.githubusercontent.com/totalrevolution/python-koding/master/zips/</datadir>
		</dir>
		<info compressed="false">https://raw.githubusercontent.com/badmanbx/repository.mstfytv/master/zips/addons.xml</info>
		<checksum>https://raw.githubusercontent.com/badmanbx/repository.mstfytv/master/zips/addons.xml.md5</checksum>
		<datadir zip="true">https://raw.githubusercontent.com/badmanbx/repository.mstfytv/master/zips/</datadir>
	</extension>
	<extension point="xbmc.addon.metadata">
		<summary lang="en">mstfytv</summary>
		<description lang="en">mstfytv</description>
		<genre>adult,livetv,movies,news,sports,tvshows,uk,usa</genre>
	</extension>
</addon>